date,Closed PnL,Trade_Count,Avg_Trade_Size,LS_Ratio,value,classification
2023-05-01,0.0,3,159.0,3.0,63,Greed
2023-12-05,0.0,9,5556.203333333334,3.5,75,Extreme Greed
2023-12-14,-205.43473700000007,11,10291.213636363636,1.75,72,Greed
2023-12-15,-24.632033999999997,2,5304.975,0.0,70,Greed
2023-12-16,0.0,3,5116.256666666667,3.0,67,Greed
2023-12-17,304.982785,14,8305.572857142857,14.0,73,Greed
2023-12-18,0.0,2,15582.089999999998,2.0,65,Greed
2023-12-19,1000.5386120000001,15,6106.827333333334,15.0,73,Greed
2023-12-20,162.732282,18,7868.710555555556,18.0,74,Greed
2023-12-21,537.211402,49,2555.795306122449,49.0,70,Greed
2023-12-22,141.832675,10,8887.428,10.0,74,Greed
2023-12-23,146.936704,13,6033.711538461538,13.0,70,Greed
2023-12-24,1008.619956,39,10332.177948717948,4.571428571428571,71,Greed
2023-12-25,-245.081348,3,19982.836666666666,3.0,73,Greed
2023-12-27,-704.8892269999999,28,6121.823571428571,28.0,73,Greed
2023-12-28,-970.730876,23,4352.923913043478,23.0,73,Greed
2023-12-29,508.92214299999995,50,11391.1944,2.8461538461538463,65,Greed
2023-12-30,354.998648,52,13510.58096153846,2.0588235294117645,68,Greed
2024-01-01,-129.53146,18,14679.973888888888,3.5,65,Greed
2024-01-02,783.979116,17,7138.1611764705885,0.0,71,Greed
2024-01-03,866.015507,67,5888.050149253731,67.0,70,Greed
2024-01-04,-67.60364,5,19958.508,5.0,68,Greed
2024-01-05,164.141565,66,25817.31303030303,1.75,72,Greed
2024-01-06,135.58166400000002,22,13569.154545454547,6.333333333333333,70,Greed
2024-01-07,-835.681235,97,10812.887216494846,4.388888888888889,71,Greed
2024-01-08,-269.874439,128,11894.159609375,1.7234042553191489,71,Greed
2024-01-09,-826.349863,70,12429.313857142857,2.5,76,Extreme Greed
2024-01-10,-1517.091342,193,10660.515440414507,1.1444444444444444,73,Greed
2024-01-11,-164.08950099999998,21,14538.766666666666,1.3333333333333333,76,Extreme Greed
2024-01-12,-1925.519024,7,28583.181428571428,7.0,71,Greed
2024-01-15,152.85358,14,3616.8642857142854,14.0,52,Neutral
2024-01-16,-2299.171458,9,12936.37,9.0,64,Greed
2024-01-17,813.2741110000001,53,15110.019433962265,1.12,60,Greed
2024-01-18,68.93319,46,9231.120217391304,0.84,63,Greed
2024-01-19,-385.419235,48,8925.603541666665,2.0,51,Neutral
2024-01-20,-146.57487000000003,106,10095.193490566038,1.4090909090909092,52,Neutral
2024-01-21,266.58114600000005,11,9375.43090909091,0.5714285714285714,56,Greed
2024-01-22,1375.640959,85,3975.0469411764707,1.4285714285714286,55,Greed
2024-01-23,-369.2447299999998,45,9211.531777777778,1.5,50,Neutral
2024-01-24,-2808.353815,68,14192.42044117647,1.5185185185185186,48,Neutral
2024-01-25,-3093.6293849999997,6,11094.355000000001,6.0,52,Neutral
2024-01-26,90.2,5,2354.642,5.0,49,Neutral
2024-01-28,-2478.06972,11,1646.2754545454545,11.0,54,Neutral
2024-01-29,486.562542,74,5597.407837837838,1.6428571428571428,55,Greed
2024-01-30,-173.65419100000003,49,8183.905714285715,0.6333333333333333,61,Greed
2024-01-31,-799.840817,859,7340.683504074505,0.9046563192904656,60,Greed
2024-02-01,0.0,6,334.69666666666666,6.0,63,Greed
2024-02-02,456.423473,42,11292.343571428572,2.0,63,Greed
2024-02-03,223.30918699999998,56,10782.5,0.47368421052631576,60,Greed
2024-02-04,47.62389499999999,35,5805.358,1.9166666666666667,60,Greed
2024-02-05,-33.45419400000003,72,10697.198055555556,1.88,60,Greed
2024-02-06,-215.615907,1088,7396.280707720588,0.9890310786106032,64,Greed
2024-02-07,241.24212,15,450.582,0.5,62,Greed
2024-02-08,770.756024,10,2605.112,0.6666666666666666,66,Greed
2024-02-11,983.443176,34,6244.465294117647,1.8333333333333333,71,Greed
2024-02-12,913.8817869999998,16,14202.981249999999,0.3333333333333333,70,Greed
2024-02-13,559.44389,14,142.85642857142858,14.0,79,Extreme Greed
2024-02-14,3830.599833,111,2890.4493693693694,2.0,74,Greed
2024-02-15,1840.797677,63,2939.4926984126987,0.14545454545454545,72,Greed
2024-02-16,5491.768834,182,3103.826978021978,0.5041322314049587,72,Greed
2024-02-17,1929.6418,94,4320.405,2.76,76,Extreme Greed
2024-02-18,477.6248299999999,97,1619.0532989690723,5.466666666666667,72,Greed
2024-02-19,4317.768563,101,2835.417821782178,1.2954545454545454,75,Extreme Greed
2024-02-20,3263.628824,39,3062.0441025641026,2.9,72,Greed
2024-02-21,1858.7985700000002,22,4911.250909090909,22.0,78,Extreme Greed
2024-02-22,3894.1050699999996,88,4239.02125,88.0,74,Greed
2024-02-23,1418.55293,143,776.966013986014,0.08333333333333333,76,Extreme Greed
2024-02-25,-30.7705,5,896.0260000000001,0.0,74,Greed
2024-02-26,4416.8473,39,4927.875384615385,0.3,72,Greed
2024-02-27,888.511733,63,3323.2111111111108,0.575,79,Extreme Greed
2024-02-28,2503.747235,45,3802.380666666667,0.36363636363636365,82,Extreme Greed
2024-02-29,9813.996992,116,3410.9200862068965,0.6571428571428571,80,Extreme Greed
2024-03-01,8244.241409,137,3452.370072992701,3.566666666666667,80,Extreme Greed
2024-03-02,230.90060000000005,31,2038.6309677419354,0.06896551724137931,80,Extreme Greed
2024-03-03,8361.086245,79,4946.1478481012655,3.1578947368421053,83,Extreme Greed
2024-03-04,27799.775742,300,5259.989566666667,0.9867549668874173,82,Extreme Greed
2024-03-05,19791.026041,180,4676.724,2.75,90,Extreme Greed
2024-03-06,6814.825139,82,3990.4636585365856,0.5471698113207547,75,Extreme Greed
2024-03-08,4271.886236,67,2740.047462686567,2.526315789473684,81,Extreme Greed
2024-03-09,9949.501624,117,5625.459401709401,0.2857142857142857,84,Extreme Greed
2024-03-10,2482.9272,42,5237.472619047619,0.0,79,Extreme Greed
2024-03-11,3588.179495,42,4202.844047619047,2.230769230769231,82,Extreme Greed
2024-03-12,3039.166,8,12880.10625,8.0,81,Extreme Greed
2024-03-13,0.0,7,857.2571428571428,7.0,81,Extreme Greed
2024-03-14,3465.865832,18,11440.732222222221,18.0,88,Extreme Greed
2024-03-15,6236.513651,62,5675.71629032258,1.6956521739130435,83,Extreme Greed
2024-03-16,228.57984,8,4652.9575,3.0,81,Extreme Greed
2024-03-17,503.293955,23,4326.389130434783,2.2857142857142856,79,Extreme Greed
2024-03-18,1456.9577,19,4760.951578947369,19.0,77,Extreme Greed
2024-03-19,668.797973,24,9161.868333333334,1.4,79,Extreme Greed
2024-03-20,6423.134599,69,3126.171739130435,1.875,74,Greed
2024-03-21,2335.5080749999997,28,4210.556071428572,0.21739130434782608,78,Extreme Greed
2024-03-24,1297.018477,19,4873.274210526315,0.0,74,Greed
2024-03-25,1302.916428,7,8159.4742857142855,6.0,75,Extreme Greed
2024-03-26,3215.906593,118,1682.7558474576272,58.0,81,Extreme Greed
2024-03-27,150.41114,38,2628.020789473684,1.7142857142857142,83,Extreme Greed
2024-03-28,227.85100799999998,13,2717.209230769231,0.3,80,Extreme Greed
2024-03-29,883.097404,15,5794.291333333333,15.0,79,Extreme Greed
2024-03-30,1100.57514,45,2246.753777777778,45.0,75,Extreme Greed
2024-03-31,912.786145,13,3070.2276923076925,3.3333333333333335,75,Extreme Greed
2024-04-01,2507.963406,77,4408.7074025974025,8.625,79,Extreme Greed
2024-04-02,883.760812,41,5845.475853658536,0.64,79,Extreme Greed
2024-04-03,126.7884,4,4221.8925,4.0,71,Greed
2024-04-04,0.0,32,2999.6165625,0.0,70,Greed
2024-04-05,10706.484306,100,5037.918,13.285714285714286,79,Extreme Greed
2024-04-06,236.33513399999998,16,4263.979375,0.3333333333333333,75,Extreme Greed
2024-04-07,0.0,23,2173.397391304348,0.0,78,Extreme Greed
2024-04-08,1218.4267,30,7064.688,0.0,76,Extreme Greed
2024-04-09,0.0,3,19021.280000000002,0.0,80,Extreme Greed
2024-04-10,5207.443414,41,8578.926097560974,0.17142857142857143,78,Extreme Greed
2024-04-11,389.743164,16,4775.06,16.0,76,Extreme Greed
2024-04-12,-592.6458390000001,129,3427.0433333333335,7.6,79,Extreme Greed
2024-04-13,6621.451755,89,5465.294943820225,2.423076923076923,72,Greed
2024-04-14,-36104.012520000004,107,6160.394112149533,2.962962962962963,72,Greed
2024-04-15,3774.08872,41,7100.272926829269,1.9285714285714286,74,Greed
2024-04-16,2467.702221,47,3870.3653191489366,0.42424242424242425,65,Greed
2024-04-17,2441.4683999999997,14,6968.785000000001,0.0,67,Greed
2024-04-19,1946.4454620000001,35,9635.940571428573,10.666666666666666,66,Greed
2024-04-20,0.0,22,2760.601818181818,10.0,66,Greed
2024-04-22,0.0,9,5332.623333333333,0.0,73,Greed
2024-04-23,1119.536196,66,3531.1348484848486,1.2758620689655173,71,Greed
2024-04-24,279.185907,20,7063.762,20.0,72,Greed
2024-04-25,0.0,74,1624.8785135135136,74.0,72,Greed
2024-04-26,0.0,3,1662.7633333333335,0.0,70,Greed
2024-04-27,4281.488139,27,5713.498888888889,2.375,67,Greed
2024-04-28,0.0,58,758.3724137931034,0.0,65,Greed
2024-04-29,526.9338359999999,45,2415.5335555555553,0.18421052631578946,67,Greed
2024-04-30,0.0,24,5209.114583333333,24.0,67,Greed
2024-05-01,0.0,14,6216.103571428571,14.0,54,Neutral
2024-05-03,5306.017045,36,7852.295833333333,1.0,48,Neutral
2024-05-04,0.0,9,6555.416666666667,0.0,67,Greed
2024-05-05,0.916,6,4011.391666666667,0.0,69,Greed
2024-05-06,968.59038,9,22890.714444444442,0.8,71,Greed
2024-05-07,883.537693,18,6039.865555555556,0.38461538461538464,68,Greed
2024-05-08,1.56576,13,5074.89,12.0,64,Greed
2024-05-09,1147.595856,28,7927.361428571428,2.5,55,Greed
2024-05-10,2101.741695,22,7131.0,0.8333333333333334,66,Greed
2024-05-11,251.604742,9,7027.661111111111,9.0,53,Neutral
2024-05-12,0.0,23,2399.111304347826,2.8333333333333335,56,Greed
2024-05-13,2136.853859,28,6897.103571428571,1.1538461538461537,57,Greed
2024-05-14,1150.5233050000002,23,6341.452173913043,4.75,66,Greed
2024-05-15,948.970582,36,6525.626944444444,2.0,64,Greed
2024-05-16,214.5898,27,6022.998518518518,0.5,70,Greed
2024-05-18,3522.3946610000003,25,5052.1256,0.5625,73,Greed
2024-05-19,0.0,8,3749.76125,8.0,72,Greed
2024-05-20,-74.818442,10,3812.475,10.0,70,Greed
2024-05-21,7289.397571999999,125,8807.588720000002,0.34408602150537637,76,Extreme Greed
2024-05-22,0.0,6,7499.215,0.0,76,Extreme Greed
2024-05-23,413.347329,325,1236.4633846153845,0.3829787234042553,76,Extreme Greed
2024-05-24,821.949278,2,25405.949999999997,2.0,74,Greed
2024-05-25,14.126038999999999,16,1874.4456249999998,0.14285714285714285,76,Extreme Greed
2024-05-26,778.6839,16,3373.541875,0.14285714285714285,75,Extreme Greed
2024-05-27,1129.35587,251,602.0546613545816,0.0,74,Greed
2024-05-29,277.791953,164,513.8339024390243,0.1388888888888889,72,Greed
2024-05-30,20.951433,7,405.4414285714286,0.0,73,Greed
2024-05-31,25.35812,13,279.70307692307694,0.0,73,Greed
2024-06-01,91.510419,25,513.3848,0.0,72,Greed
2024-06-02,192.906947,93,316.822688172043,0.0,73,Greed
2024-06-03,562.808208,70,306.66942857142857,0.0,73,Greed
2024-06-04,52.211438,53,457.42283018867926,0.0,73,Greed
2024-06-05,56.055506,54,469.4587037037037,0.0,75,Extreme Greed
2024-06-06,274.173187,234,587.8536752136753,0.008620689655172414,78,Extreme Greed
2024-06-07,8902.467416,440,2496.7926363636366,0.43322475570032576,77,Extreme Greed
2024-06-08,129.13883900000002,29,3356.961379310345,29.0,72,Greed
2024-06-09,0.0,17,1318.2482352941176,17.0,75,Extreme Greed
2024-06-10,31.266804999999998,53,879.0175471698113,0.08163265306122448,72,Greed
2024-06-11,4320.631811,123,3034.7960975609753,14.375,74,Greed
2024-06-12,-21886.531493,254,761.4486614173228,0.17050691244239632,72,Greed
2024-06-13,6632.757115,79,1678.1926582278481,3.6470588235294117,70,Greed
2024-06-14,10258.592609,31,4511.892258064517,1.0666666666666667,74,Greed
2024-06-15,3369.958346,78,9209.61858974359,1.5161290322580645,74,Greed
2024-06-16,0.0,11,2294.0981818181817,0.0,71,Greed
2024-06-17,10599.502375,38,9694.213684210526,0.5833333333333334,71,Greed
2024-06-18,282.57636,25,10532.5916,25.0,74,Greed
2024-06-19,4887.656944,61,6837.231475409836,1.2592592592592593,64,Greed
2024-06-20,57478.456026,39,5333.097435897435,0.0,60,Greed
2024-06-21,773.5582039999999,80,2203.306125,4.333333333333333,63,Greed
2024-06-22,756.876565,24,7066.427916666667,1.0,53,Neutral
2024-06-23,0.0,5,358.424,0.0,55,Greed
2024-06-24,0.0,31,13000.090322580645,4.166666666666667,51,Neutral
2024-06-25,4869.353105,49,2104.062857142857,0.0,30,Fear
2024-06-26,4197.732182,72,5072.092500000001,6.2,46,Neutral
2024-06-27,0.0,30,4349.565,0.6666666666666666,40,Fear
2024-06-29,6150.326145,75,3734.6014666666665,0.20967741935483872,30,Fear
2024-06-30,0.0,14,2180.049285714286,0.5555555555555556,47,Neutral
2024-07-01,5065.839308,64,5666.721093749999,0.6842105263157895,53,Neutral
2024-07-02,2421.253116,18,1852.6372222222224,0.38461538461538464,51,Neutral
2024-07-03,1118.387284,18,9977.814444444444,3.5,50,Neutral
2024-07-04,0.0,25,17222.720400000002,25.0,44,Fear
2024-07-05,0.0,32,8509.0590625,32.0,29,Fear
2024-07-06,108.87217799999999,24,103.75708333333334,2.4285714285714284,26,Fear
2024-07-07,61.428942,10,49.875,0.0,29,Fear
2024-07-08,0.0,1,497.64,1.0,28,Fear
2024-07-09,648.984412,15,182.42999999999998,0.0,27,Fear
2024-07-10,11977.734907,56,12283.93232142857,3.3076923076923075,28,Fear
2024-07-11,1876.812082,19,8941.422105263156,19.0,29,Fear
2024-07-12,1412.314654,19,4714.893157894737,1.1111111111111112,25,Fear
2024-07-13,2913.617837,17,8187.599411764706,3.25,25,Fear
2024-07-14,0.0,7,12000.16142857143,0.0,33,Fear
2024-07-15,-1.0,26,7628.6480769230775,0.0,52,Neutral
2024-07-16,0.0,22,6545.480454545454,0.0,65,Greed
2024-07-17,1859.269477,351,1783.4915384615385,0.0,69,Greed
2024-07-18,3803.884311,60,10828.414166666666,0.25,61,Greed
2024-07-19,2155.891114,23,6533.453043478262,1.3,60,Greed
2024-07-20,2299.169566,266,918.65492481203,0.019157088122605363,74,Greed
2024-07-21,-2960.716887,448,523.0077232142856,0.006741573033707865,74,Greed
2024-07-22,1517.119876,154,1975.4142857142856,0.1,70,Greed
2024-07-23,89890.302206,370,968.9906486486486,1.6618705035971224,71,Greed
2024-07-24,625.561479,90,768.977,0.6666666666666666,69,Greed
2024-07-25,916.7382600000001,78,6776.350128205129,6.090909090909091,68,Greed
2024-07-26,2766.513113,152,3609.1292763157894,0.35714285714285715,68,Greed
2024-07-27,6400.623656,57,15880.697368421053,8.5,72,Greed
2024-07-28,587.29903,16,2703.4175,0.23076923076923078,71,Greed
2024-07-29,330.80445399999996,39,8389.72153846154,2.5454545454545454,74,Greed
2024-07-30,0.0,6,6001.078333333334,6.0,67,Greed
2024-07-31,765.690884,43,1965.2683720930231,0.075,61,Greed
2024-08-01,167.080017,57,3996.044385964912,10.4,52,Neutral
2024-08-02,782.3681909999999,63,6290.799523809524,14.75,57,Greed
2024-08-03,464.1897,37,7852.239459459459,17.5,37,Fear
2024-08-04,-122672.000883,127,9509.795826771655,62.5,34,Fear
2024-08-05,-13013.665169,80,5256.1925,1.8571428571428572,26,Fear
2024-08-06,267.318048,107,574.5642990654205,2.4516129032258065,17,Extreme Fear
2024-08-07,188.789255,33,75.53848484848484,0.5714285714285714,29,Fear
2024-08-08,-40.712216999999995,9,1811.038888888889,1.25,20,Extreme Fear
2024-08-09,18082.071276,144,3494.4781944444444,0.7560975609756098,48,Neutral
2024-08-10,0.0,88,128.8555681818182,87.0,40,Fear
2024-08-11,847.7766200000001,24,1842.9254166666667,5.0,39,Fear
2024-08-12,858.6705000000001,48,1128.4858333333334,2.2,25,Fear
2024-08-13,212.08102,23,904.2552173913043,1.0909090909090908,31,Fear
2024-08-14,2168.9015130000003,25,2668.4012,24.0,30,Fear
2024-08-15,0.0,12,126.86416666666668,12.0,29,Fear
2024-08-16,825.230544,35,4753.795428571429,35.0,27,Fear
2024-08-17,-288.283113,30,1008.2986666666667,29.0,25,Fear
2024-08-18,307.201888,15,4186.965333333334,4.0,31,Fear
2024-08-19,339.69958299999996,8,12539.37875,8.0,28,Fear
2024-08-20,192.602844,12,4159.566666666667,0.5,30,Fear
2024-08-21,656.200925,145,724.0717931034483,0.013986013986013986,26,Fear
2024-08-23,1005.30527,10,6350.956,0.42857142857142855,34,Fear
2024-08-24,0.0,7,4999.952857142857,0.0,56,Greed
2024-08-25,0.0,17,1291.1929411764704,0.8888888888888888,54,Neutral
2024-08-26,231.236918,6,15435.211666666668,2.0,55,Greed
2024-08-27,0.0,50,1405.0032,49.0,48,Neutral
2024-08-28,1333.359645,9,7906.674444444444,3.5,30,Fear
2024-08-29,0.0,1,9995.85,0.0,29,Fear
2024-08-30,256.464,6,6205.54,1.0,34,Fear
2024-08-31,10.882801,34,3161.983235294118,0.36,29,Fear
2024-09-01,137.433093,12,1029.9733333333334,0.5,26,Fear
2024-09-02,0.0,2,15000.21,2.0,26,Fear
2024-09-04,1065.785132,34,3867.0873529411765,5.8,27,Fear
2024-09-05,0.0,1,0.84,0.0,29,Fear
2024-09-06,-1104.856765,42,929.6928571428571,0.10526315789473684,22,Extreme Fear
2024-09-08,0.0,1,0.11,0.0,29,Fear
2024-09-09,0.0,2,2007.2150000000001,2.0,26,Fear
2024-09-10,-219.729659,3,849.0933333333334,3.0,33,Fear
2024-09-11,0.0,1,0.54,0.0,37,Fear
2024-09-14,0.0,11,92.25454545454546,10.0,50,Neutral
2024-09-18,-878.684794,145,94.02413793103449,0.08208955223880597,45,Neutral
2024-09-19,0.0,19,80.09842105263158,19.0,49,Neutral
2024-09-20,9585.03428,16,20804.58625,3.0,54,Neutral
2024-09-21,36165.56933,23,7202.092173913044,23.0,54,Neutral
2024-09-22,0.0,3,6666.579999999999,3.0,52,Neutral
2024-09-23,334.760796,2,20167.145,2.0,50,Neutral
2024-09-24,0.0,10,711.863,9.0,54,Neutral
2024-09-25,0.0,9,5861.570000000001,2.0,59,Greed
2024-09-26,439.812513,8,14213.991250000001,0.3333333333333333,50,Neutral
2024-09-27,0.0,56,2251.732857142857,0.0,61,Greed
2024-09-28,0.0,4,7299.8025,0.0,64,Greed
2024-09-30,2710.626288,106,2025.1872641509435,0.04950495049504951,61,Greed
2024-10-01,0.0,4,34988.58,4.0,50,Neutral
2024-10-02,0.0,4,24988.585,4.0,42,Fear
2024-10-03,100.375782,9,14770.632222222222,9.0,37,Fear
2024-10-04,0.0,1,0.34,0.0,41,Fear
2024-10-05,5767.161892,37,16367.722702702702,5.166666666666667,49,Neutral
2024-10-06,130.487079,22,13642.298181818182,1.0,50,Neutral
2024-10-07,0.0,21,10475.459523809524,0.0,50,Neutral
2024-10-08,5396.546638,36,12071.781388888889,0.02857142857142857,49,Neutral
2024-10-09,396.06272,14,15742.852142857142,14.0,49,Neutral
2024-10-10,0.0,16,18751.521249999998,16.0,39,Fear
2024-10-11,8885.327477,26,18804.007307692307,2.25,32,Fear
2024-10-12,541.55471,10,15971.34,0.25,49,Neutral
2024-10-13,0.0,10,6000.242,10.0,50,Neutral
2024-10-14,1913.61958,5,12383.204000000002,5.0,48,Neutral
2024-10-15,1170.2260760000001,7,11596.194285714286,7.0,65,Greed
2024-10-16,219.480876,11,7293.560909090909,11.0,73,Greed
2024-10-17,36.11496,9,15614.638888888889,9.0,71,Greed
2024-10-18,333.219141,6,20055.238333333335,6.0,73,Greed
2024-10-19,0.0,4,24999.215,4.0,72,Greed
2024-10-20,389.155797,96,1837.9985416666668,0.06666666666666667,73,Greed
2024-10-21,2464.915564,173,1873.5143930635838,0.06790123456790123,72,Greed
2024-10-22,0.0,3,20000.12,3.0,70,Greed
2024-10-23,-46.489941,18,11667.003888888888,18.0,71,Greed
2024-10-25,13235.862071,30,14262.772666666666,5.0,72,Greed
2024-10-27,666.6623079999999,4,22666.1025,3.0,74,Greed
2024-10-28,167.28016200000002,13,9345.788461538461,0.08333333333333333,72,Greed
2024-10-29,801.170876,53,11571.09075471698,0.0,72,Greed
2024-10-30,9.150023,25,473.23400000000004,0.0,77,Extreme Greed
2024-10-31,1214.043811,48,18670.278333333332,0.2972972972972973,77,Extreme Greed
2024-11-01,1040.475736,23,11347.001304347827,23.0,75,Extreme Greed
2024-11-02,0.0,2,20000.0,2.0,72,Greed
2024-11-03,0.0,6,21509.27666666667,6.0,74,Greed
2024-11-04,2799.410474,36,12550.332499999999,36.0,70,Greed
2024-11-05,678.4759280000001,10,20062.723,10.0,70,Greed
2024-11-06,2817.83723,15,8260.46,15.0,70,Greed
2024-11-07,4493.353136,113,985.2681415929204,1.3541666666666667,77,Extreme Greed
2024-11-08,-64.41354100000007,39,6941.036923076923,39.0,75,Extreme Greed
2024-11-09,102.90894,86,2248.655930232558,0.11688311688311688,75,Extreme Greed
2024-11-10,991.114334,173,2390.963583815029,0.054878048780487805,78,Extreme Greed
2024-11-11,6749.630996,373,4210.649919571046,0.06876790830945559,76,Extreme Greed
2024-11-12,3494.399394,171,7171.663859649123,0.8791208791208791,80,Extreme Greed
2024-11-13,7846.402274,48,10736.174375,11.0,84,Extreme Greed
2024-11-14,4563.509225,110,9166.925545454545,110.0,88,Extreme Greed
2024-11-15,4140.740438,149,9582.942416107382,3.515151515151515,80,Extreme Greed
2024-11-16,2769.521909,157,1931.822101910828,1.0657894736842106,86,Extreme Greed
2024-11-17,882.975285,209,5818.122344497608,0.46153846153846156,90,Extreme Greed
2024-11-18,4470.815187,346,6024.102832369942,0.8602150537634409,83,Extreme Greed
2024-11-19,2958.268991,305,2059.118524590164,1.0469798657718121,90,Extreme Greed
2024-11-20,4210.0928969999995,550,3635.480218181818,3.700854700854701,83,Extreme Greed
2024-11-21,1692.430891,535,1118.3189158878504,2.8214285714285716,82,Extreme Greed
2024-11-22,-18105.345617,679,2425.2041531664213,1.705179282868526,94,Extreme Greed
2024-11-23,2901.531638,363,1422.1644077134986,0.5316455696202531,93,Extreme Greed
2024-11-24,945.550386,172,3866.001627906977,0.6862745098039216,80,Extreme Greed
2024-11-25,5523.740734,255,3676.1210588235294,1.0731707317073171,82,Extreme Greed
2024-11-26,1094.809359,302,3797.6901986754965,2.871794871794872,79,Extreme Greed
2024-11-27,-2654.495633,213,6780.481361502348,2.0,75,Extreme Greed
2024-11-28,-127075.39958499999,332,5705.497439759036,0.9415204678362573,77,Extreme Greed
2024-11-29,176844.994152,393,2021.0252162849874,0.6723404255319149,78,Extreme Greed
2024-11-30,37316.69352,373,4643.950938337802,0.2687074829931973,84,Extreme Greed
2024-12-01,40886.364494,416,1958.441875,0.3248407643312102,81,Extreme Greed
2024-12-02,18489.604313,270,2167.568740740741,1.3893805309734513,80,Extreme Greed
2024-12-03,23576.539285,374,2900.177887700535,1.4605263157894737,76,Extreme Greed
2024-12-04,292891.815021,319,2411.5600313479626,0.36909871244635195,78,Extreme Greed
2024-12-05,71574.11848800001,456,2756.0324342105264,0.2808988764044944,84,Extreme Greed
2024-12-06,-92624.643895,403,8612.950918114144,0.48161764705882354,72,Greed
2024-12-07,85906.279067,304,1485.965197368421,0.07420494699646643,75,Extreme Greed
2024-12-08,15965.933436,420,2221.2850476190474,0.07969151670951156,79,Extreme Greed
2024-12-09,6310.967676,539,1825.5096103896105,1.40625,78,Extreme Greed
2024-12-10,39325.770231,1596,1973.94992481203,0.40492957746478875,78,Extreme Greed
2024-12-11,319051.554217,1221,1796.9683292383293,0.13055555555555556,74,Greed
2024-12-12,599151.795008,1932,2358.7939285714288,0.23135755258126195,83,Extreme Greed
2024-12-13,31935.901745,1173,2455.9459846547315,2.45,76,Extreme Greed
2024-12-14,167801.399244,1235,1918.6735060728743,2.1505102040816326,83,Extreme Greed
2024-12-15,97525.315279,1697,1522.256812021214,4.065671641791044,80,Extreme Greed
2024-12-16,166774.344133,1055,2597.9231943127966,1.0018975332068312,83,Extreme Greed
2024-12-17,219591.305172,1941,2696.3408706852138,1.1662946428571428,87,Extreme Greed
2024-12-18,13682.994673,1429,2658.423421973408,0.872870249017038,81,Extreme Greed
2024-12-19,62744.004486000005,3339,2468.316678646301,0.8437327443401436,75,Extreme Greed
2024-12-20,254969.660039,2488,3087.3290635048234,0.8484398216939079,74,Greed
2024-12-21,150022.163157,1681,2607.302272456871,0.6759720837487537,73,Greed
2024-12-22,352197.163973,774,3988.7858139534887,0.8650602409638555,73,Greed
2024-12-23,-29430.626577,2347,2885.333728163613,0.4416461916461916,70,Greed
2024-12-24,14813.780116,338,5227.917485207101,0.3629032258064516,73,Greed
2024-12-25,756.6570469999998,208,1672.5449519230767,0.3959731543624161,73,Greed
2024-12-26,60228.639722,697,3163.9062410329984,0.5021551724137931,79,Extreme Greed
2024-12-27,2672.811035,260,1338.126923076923,0.37566137566137564,74,Greed
2024-12-28,940.673623,161,1748.7888819875777,0.319672131147541,72,Greed
2024-12-29,2884.067927,201,1714.5698507462685,0.12290502793296089,73,Greed
2024-12-30,9009.738137,304,3532.453059210526,1.082191780821918,65,Greed
2024-12-31,5445.01281,306,2866.551045751634,1.8333333333333333,64,Greed
2025-01-01,-9528.065345,96,2943.5635416666664,1.0,66,Greed
2025-01-02,8716.519087,361,2145.9136842105263,0.3622641509433962,70,Greed
2025-01-03,6028.486793,508,1518.1279330708662,0.3582887700534759,74,Greed
2025-01-04,2553.537968,371,4921.912722371967,0.17405063291139242,73,Greed
2025-01-05,3187.719363,239,1890.977280334728,0.1380952380952381,72,Greed
2025-01-06,6064.185393,573,971.2512914485166,0.20378151260504201,76,Extreme Greed
2025-01-07,16098.227531,637,2061.504081632653,0.1518987341772152,78,Extreme Greed
2025-01-08,130117.090554,1039,3058.0126852743024,1.421911421911422,70,Greed
2025-01-09,46975.928902,522,1955.427681992337,0.8913043478260869,69,Greed
2025-01-10,-10116.875552,819,7994.444053724053,2.64,50,Neutral
2025-01-11,2269.080536,283,5859.006042402827,2.628205128205128,69,Greed
2025-01-12,5742.241803,602,3751.59330564784,6.432098765432099,62,Greed
2025-01-13,9655.429352,408,7197.666691176471,4.513513513513513,61,Greed
2025-01-14,16069.512355,275,3187.5708,0.6369047619047619,63,Greed
2025-01-15,14819.5883,267,6747.565131086143,0.6792452830188679,70,Greed
2025-01-16,20807.709328,371,8220.196657681941,0.5787234042553191,75,Extreme Greed
2025-01-17,7006.415608,238,4664.8338655462185,0.7372262773722628,75,Extreme Greed
2025-01-18,443.2330819999997,651,4165.330076804916,0.5955882352941176,77,Extreme Greed
2025-01-19,87923.799302,1567,6199.8821314613915,0.9810366624525917,77,Extreme Greed
2025-01-20,87277.239173,1315,6302.149817490495,1.593688362919132,76,Extreme Greed
2025-01-21,11077.839421,530,2874.961924528302,0.32169576059850374,76,Extreme Greed
2025-01-22,20524.408057,832,2137.5077283653845,0.7854077253218884,84,Extreme Greed
2025-01-23,101256.24216,1218,3035.3273070607556,1.0333889816360602,75,Extreme Greed
2025-01-24,10602.779738,874,1843.7453661327231,1.0959232613908874,75,Extreme Greed
2025-01-25,-10348.016255999999,506,2449.363043478261,1.7955801104972375,75,Extreme Greed
2025-01-26,40823.466668,451,2663.3562305986693,0.43630573248407645,73,Greed
2025-01-27,41331.765392,773,1950.8775032341528,1.7411347517730495,71,Greed
2025-01-28,17979.613973,498,1163.4782530120483,0.7291666666666666,72,Greed
2025-01-29,23421.01147,910,2085.1795714285713,0.2621359223300971,72,Greed
2025-01-30,23097.471385,1067,2825.114498594189,0.29963459196102316,70,Greed
2025-01-31,35868.296773,1016,2739.578228346457,0.6683087027914614,76,Extreme Greed
2025-02-01,32300.205017,634,2151.019621451104,0.5654320987654321,68,Greed
2025-02-02,162854.759623,1319,4291.957763457164,1.9977272727272728,60,Greed
2025-02-03,348871.326269,2380,9492.815701680673,1.2645099904852521,44,Fear
2025-02-04,416876.88812,2512,6241.404964171974,0.6227390180878553,72,Greed
2025-02-05,56706.235562,1297,6741.1191287586735,1.001543209876543,54,Neutral
2025-02-06,33803.799733,1703,1655.0257604227834,1.8864406779661016,49,Neutral
2025-02-07,22450.002091,1524,2270.5141338582675,6.188679245283019,44,Fear
2025-02-08,586.703253,575,1460.4086434782607,16.424242424242426,44,Fear
2025-02-09,150551.829492,764,3823.19332460733,0.396709323583181,46,Neutral
2025-02-10,63908.49465,889,4077.5685489313837,1.2678571428571428,43,Fear
2025-02-11,-6093.784817,848,3298.990766509434,0.9906103286384976,47,Neutral
2025-02-12,19848.635032,1031,4019.3739476236665,1.7493333333333334,46,Neutral
2025-02-13,27829.534238,1370,2335.6585474452554,1.3620689655172413,50,Neutral
2025-02-14,213860.675308,1655,2421.210525679758,0.4856373429084381,48,Neutral
2025-02-15,45042.92701,932,1837.8250536480687,2.7886178861788617,50,Neutral
2025-02-16,2369.478425,681,1183.8144493392072,1.134796238244514,54,Neutral
2025-02-17,1818.573295,941,2158.3896280552603,2.904564315352697,51,Neutral
2025-02-18,91204.672403,1676,2011.413293556086,1.154241645244216,47,Neutral
2025-02-19,14985.794701,1361,2398.185334313005,1.2797319932998326,44,Fear
2025-02-20,46008.794102,2012,2300.5016351888667,2.631768953068592,49,Neutral
2025-02-21,119693.49395,1873,2120.747399893219,1.982484076433121,55,Greed
2025-02-22,25278.704178,686,4629.111078717201,1.1370716510903427,49,Neutral
2025-02-23,10656.934251,520,2194.8283461538463,1.139917695473251,50,Neutral
2025-02-24,38470.176242,5616,1998.5077617521367,12.664233576642335,49,Neutral
2025-02-25,204762.177034,6246,3108.3868651937237,2.958174904942966,25,Fear
2025-02-26,63229.063129,1176,4206.597049319727,1.248565965583174,21,Extreme Fear
2025-02-27,-36525.167517,890,2247.0768876404495,0.12801013941698353,10,Extreme Fear
2025-02-28,225628.108748,1019,4046.7721000981355,1.0461847389558232,16,Extreme Fear
2025-03-01,10596.108968,174,1516.230632183908,0.7938144329896907,20,Extreme Fear
2025-03-02,66914.320708,532,12144.452518796992,2.5,26,Fear
2025-03-03,616413.032233,1482,5563.151403508772,0.5632911392405063,33,Fear
2025-03-04,182075.566585,2402,4631.24360949209,5.456989247311828,15,Extreme Fear
2025-03-05,269328.365917,1660,5538.345915662651,5.036363636363636,20,Extreme Fear
2025-03-06,16101.125561,760,8901.743368421052,1.303030303030303,25,Fear
2025-03-07,150236.061627,2552,7779.888510971787,7.394736842105263,34,Fear
2025-03-08,24700.773359,529,1686.3582419659735,2.0578034682080926,28,Fear
2025-03-09,19773.457395,1422,7327.495070323488,2.864130434782609,27,Fear
2025-03-10,-10010.027269999999,2911,5775.263029886637,12.414746543778802,20,Extreme Fear
2025-03-11,-76880.729036,3286,4265.657970176507,2.987864077669903,24,Extreme Fear
2025-03-12,288105.984215,3968,4692.071358366935,4.684813753581662,34,Fear
2025-03-13,14114.870873,962,3415.375488565489,8.161904761904761,45,Neutral
2025-03-14,68646.160089,2210,3641.261158371041,10.450777202072539,27,Fear
2025-03-15,78694.624572,261,9025.86030651341,0.4340659340659341,46,Neutral
2025-03-16,-7910.943544999999,530,19222.49341509434,1.1991701244813278,30,Fear
2025-03-17,26163.906513,920,3905.320706521739,1.0043572984749456,32,Fear
2025-03-18,72322.788824,834,4856.901043165468,0.9041095890410958,34,Fear
2025-03-19,29374.682341,1612,2852.8620161290323,2.4080338266384778,32,Fear
2025-03-20,10246.859436,771,2143.0063942931256,3.2362637362637363,49,Neutral
2025-03-21,6951.270374,698,3644.560730659026,13.244897959183673,31,Fear
2025-03-22,12498.535254,535,1816.4662056074767,0.2242562929061785,32,Fear
2025-03-23,14047.421585,447,5802.057427293064,1.709090909090909,30,Fear
2025-03-24,107878.961301,1027,2938.254186952288,0.7985989492119089,45,Neutral
2025-03-25,32030.90678,791,6792.060391908975,3.793939393939394,46,Neutral
2025-03-26,15802.167427,3102,2449.30830754352,1.890959925442684,47,Neutral
2025-03-27,58825.359221,785,4127.744535031847,0.943069306930693,40,Fear
2025-03-28,21337.179335,728,2037.2151236263737,3.3076923076923075,44,Fear
2025-03-29,12098.872931,1894,1936.7221911298839,11.14102564102564,26,Fear
2025-03-30,15795.11514,568,5019.146056338028,18.586206896551722,32,Fear
2025-03-31,6978.184557,495,4373.277717171717,2.7786259541984735,34,Fear
2025-04-01,-2202.6622420000003,192,3668.9853645833336,1.4615384615384615,34,Fear
2025-04-02,202212.740938,1076,3594.7310408921935,8.962962962962964,44,Fear
2025-04-03,-2365.961276,1748,4960.087614416476,7.828282828282828,25,Fear
2025-04-04,-25515.678949999998,1272,3015.3661399371067,3.911196911196911,28,Fear
2025-04-05,35907.33771,360,3521.011722222222,6.2,30,Fear
2025-04-06,47053.449272,1048,3388.59929389313,7.661157024793388,34,Fear
2025-04-07,34527.370305,2814,5138.682707889126,1.4490861618798956,23,Extreme Fear
2025-04-08,34899.394798,943,9405.505196182397,3.835897435897436,24,Extreme Fear
2025-04-09,43120.444797,3967,7198.589984875221,0.7069707401032702,18,Extreme Fear
2025-04-10,158261.822261,2127,13512.90704748472,0.5085106382978724,39,Fear
2025-04-11,126406.479081,1096,10327.853166058394,0.5285913528591353,25,Fear
2025-04-12,410419.694533,2109,26512.383826458037,0.5227436823104693,43,Fear
2025-04-13,48696.021521,1321,10727.596358819075,0.7924016282225237,45,Neutral
2025-04-14,45680.443063,890,14696.598853932584,1.9276315789473684,31,Fear
2025-04-15,72357.706282,1131,18348.51303271441,0.9466437177280551,38,Fear
2025-04-16,58631.730257,1608,22700.69396766169,1.6317512274959083,29,Fear
2025-04-17,5427.919886,1031,2526.238128031038,0.13922651933701657,30,Fear
2025-04-18,4880.4047439999995,1894,12994.007634635693,0.41027550260610574,33,Fear
2025-04-19,71950.577495,2786,11739.577426417804,0.31477111845210004,32,Fear
2025-04-20,25060.341936,1982,6118.110015136226,0.2302917442582247,37,Fear
2025-04-21,34369.267906999994,1718,24507.598859138536,0.656702025072324,39,Fear
2025-04-22,58652.763578,2998,11258.714222815212,0.21376518218623483,47,Neutral
2025-04-23,-419020.225731,6159,4981.72492125345,0.32995033470092855,72,Greed
2025-04-24,50704.395965,2232,15720.841684587815,2.72,63,Greed
2025-04-25,20218.859206,1653,16787.32957047792,0.3527004909983633,60,Greed
2025-04-26,-4125.753942,1131,10564.215534924844,0.5493150684931507,65,Greed
2025-04-27,2702.067468,337,1446.6993768545994,6.488888888888889,61,Greed
2025-04-28,36906.813759,1379,18944.83066715011,2.7884615384615383,54,Neutral
2025-04-29,125749.613427,2243,15198.177289344627,0.9867139061116031,60,Greed
2025-04-30,14003.797269,1113,11405.10229110512,2.3223880597014928,56,Greed
2025-05-01,54536.829297000004,1230,8715.642699186992,1.333965844402277,53,Neutral
